{
    "median_ae": 0.693941886726519,
    "rmse": 1.2272903350484101,
    "mean_ae": 0.9179921369404098,
    "r2": 0.445841951561197
}